dataset,site_name,site_id,X,Y,ESA CCI,Chopping et al.,GEDI L4B,Liu et al.,LT-GNN,Menlove & Healey,Xu et al.
NEON,Harvard Forest,HARV,-72.17265999999995,42.53690000000006,NA,NA,164.1145420820655,37.92121124267578,NA,114.92280578613288,NA
NEON,Smithsonian Conservation Biology Institute,SCBI,-78.13949999999994,38.89292000000006,NA,NA,334.2797546386719,115.21283721923828,NA,106.78276824951168,NA
NEON,Ordway-Swisher Biological Station,OSBS,-81.99342999999999,29.68927000000008,NA,NA,63.38591484709296,69.8902869866861,NA,42.73400115966798,NA
NEON,Guanica Forest,GUAN,-66.86869999999993,17.96955000000003,NA,NA,NA,NA,NA,NA,NA
NEON,UNDERC,UNDE,-89.53724999999997,46.23388000000006,NA,NA,155.0696428722447,139.33177185058594,NA,91.6992568969726,NA
NEON,Konza Prairie Biological Station,KONZ,-96.56308999999999,39.10077000000007,NA,NA,7.7523262902265975,10.838811874389648,NA,10.135107040405266,NA
NEON,Oak Ridge,ORNL,-84.28259999999995,35.96412000000004,NA,NA,162.62513657652863,91.84534454345703,NA,115.70589008379898,NA
NEON,Talladega National Forest,TALL,-87.39326999999997,32.95046000000008,NA,NA,228.96071068756783,85.784576416015625,NA,125.90326690673822,NA
NEON,Woodworth,WOOD,-99.24135599999994,47.12822800000004,NA,NA,4.161301533850676,9.719982071400445,NA,0,NA
NEON,Central Plains Experimental Range,CPER,-104.745602469,40.81553413400008,NA,0,1.2685423403241407,9.621728304071983,NA,0,0
NEON,LBJ National Grassland,CLBJ,-97.56999999999994,33.40123000000006,NA,NA,17.854388430513037,11.764260292053223,NA,3.689551591873168,NA
NEON,Yellowstone Northern Range (Frog Rock),YELL,-110.53914,44.95348000000007,7.984610350192928,NA,36.68145991215326,59.85466003417969,NA,36.563770294189446,79.86768341064453
NEON,Niwot Ridge Mountain Research Station,NIWO,-105.58237,40.05425000000003,NA,7.325276756831384,18.877440525910927,76.3296890258789,NA,76.99402618408205,108.78213500976562
NEON,Santa Rita Experimental Range,SRER,-110.83549,31.91068000000007,0,0,1.5752643838055627,11.92995548248291,0.17877958732931298,1.5605182647705067,12.60093879699707
NEON,Onaqui,ONAQ,-112.45244,40.17759000000007,0,0,1.5979583005032476,9.84560489654541,NA,7.784394264221188,8.735177040100098
NEON,Wind River Experimental Forest,WREF,-121.951912,45.82048800000007,244.42905363014074,NA,357.71412590443475,194.78326416015625,NA,320.5951232910155,819.68206787109375
NEON,San Joaquin,SJER,-119.73228,37.10878000000002,1.6218796749348638,12.91192250844663,28.450744468695596,27.249465942382812,28.984767237849127,6.710339065418907,66.29370653259437
NEON,Toolik Lake,TOOL,-149.37047,68.66109000000006,NA,NA,NA,NA,NA,NA,NA
NEON,Caribou-Poker Creeks Research Watershed,BONA,-147.50258,65.15401000000003,NA,NA,NA,NA,NA,NA,NA
NEON,Caribou-Poker Creeks Research Watershed,BONA,-147.50258,65.15401000000003,NA,NA,NA,NA,NA,NA,NA
NEON,Pu'u Maka'ala Natural Area Reserve,PUUM,-155.31731,19.55309000000005,NA,NA,NA,NA,NA,NA,NA
Ameriflux,ARM-SGP Medford hay pasture,US-A32,-97.8198,36.8193,NA,NA,1.5122472674248555,9.241511344909668,NA,0.049303114414215074,NA
Ameriflux,ARM-SGP-Morrison,US-A39,-96.069,36.3776,NA,NA,58.56655805499148,11.235669136047363,NA,16.38558090189848,NA
Ameriflux,ARM SGP milo field,US-A74,-97.5489,36.8085,NA,NA,1.8463776669521796,9.952825546264648,NA,0.7866505980491633,NA
Ameriflux,Arkansas Grassland,US-AaG,-91.6282,33.1105,NA,NA,36.5913122550321,70.458831787109375,NA,23.470457077026374,NA
Ameriflux,Acton Lake Flux Tower Site,US-Act,-84.755,39.582,NA,NA,131.621291412608,16.741094865114533,NA,28.858901975885257,NA
Ameriflux,Amargosa Desert Research Site (ADRS),US-ADR,-116.6933,36.7653,0,0,0.016444702962957948,8.858436584472656,0,0,2.35007744234559
Ameriflux,MPG - Apricot Lane Farms,US-AF1,-118.9244,34.3108,6.113370576991014,2.9805592163620402,25.40914522676667,16.068876266479492,38.29831866840119,0,57.357391357421875
Ameriflux,Savannah River Site,US-Akn,-81.5653,33.3825,NA,NA,130.94284057617188,49.52075958251953,NA,129.59916645342372,NA
Ameriflux,Allequash Creek Site,US-ALQ,-89.6067,46.0308,NA,NA,122.05219606776095,139.33177185058594,NA,59.99502563476562,NA
Ameriflux,Argonne Testbed for Multiscale Observational Science (ATMOS),US-AMS,-87.9963,41.7018,NA,NA,65.66545768842418,48.45542396854878,NA,15.054048543257801,NA
Ameriflux,Low Density Apple Orchard,US-AoL,-85.7648,43.2513,NA,NA,51.803784742136116,47.64736246010457,NA,77.046737999937,NA
Ameriflux,ARM USDA UNL OSU Woodward Switchgrass 1,US-AR1,-99.42,36.4267,NA,0.5744861942003652,4.385404526432996,11.363643646240234,NA,0,NA
Ameriflux,ARM USDA UNL OSU Woodward Switchgrass 2,US-AR2,-99.5975,36.6358,NA,0,4.252683054389559,10.82253360748291,NA,1.5844595160234667,NA
Ameriflux,ARM Southern Great Plains burn site- Lamont,US-ARb,-98.0402,35.5497,NA,NA,2.50428787639686,10.082136154174805,NA,3.2476708889007577,NA
Ameriflux,ARM Southern Great Plains control site- Lamont,US-ARc,-98.04,35.5465,NA,NA,2.384736529392649,10.082136154174805,NA,3.246173512117134,NA
Ameriflux,ARM Southern Great Plains site- Lamont,US-ARM,-97.4888,36.6058,NA,NA,1.7104807307800847,10.06735347431817,NA,0.7866505980491638,NA
Ameriflux,USSL San Joaquin Valley Almond High Salinity,US-ASH,-120.201,36.1697,12.410898001984332,0.34045999103938945,10.74960276271415,20.506656646728516,14.851715103509184,0,3.743101442697547
Ameriflux,USSL San Joaquin Valley Almond Low Salinity,US-ASL,-120.1024,36.9466,0.4365597322640461,0.2597694510405965,3.8372264569104857,18.284780502319336,1.0599060172227663,0,17.715513865700736
Ameriflux,USSL San Joaquin Valley Almond Medium Salinity,US-ASM,-120.2026,36.1777,10.094355396544186,0.13116530054081846,10.43954264163509,20.506656646728516,14.782493674110738,0,2.9871692761996322
Ameriflux,Audubon Research Ranch,US-Aud,-110.5104,31.5907,0.0026120686028883685,0.23252632806403625,3.6812139804954955,18.604071367431708,9.432699309367042,5.682248592376711,24.77374911481218
Ameriflux,Bartlett Experimental Forest,US-Bar,-71.2881,44.0646,NA,NA,183.78599197722903,97.69615173339842,NA,151.97697448730472,NA
Ameriflux,Blue Cypress Marsh,US-BCM,-80.7114,27.6953,NA,NA,11.481301417313711,37.724578857421875,NA,1.0196605920791628,NA
Ameriflux,Burdette Farm Rice Field - 4N,US-Bd4,-89.9862,35.8139,NA,NA,13.550743164634797,9.452239036560059,NA,11.086597442626955,NA
Ameriflux,Burdette Farm Rice Field - Seagraves South,US-Bd5,-90.0194,35.8105,NA,NA,12.88471914221243,47.35218811035156,NA,11.086597442626951,NA
Ameriflux,Burdette Farm Rice - Seagraves North,US-Bd6,-90.0194,35.814,NA,NA,12.315857947784487,47.35218811035156,NA,11.08659744262696,NA
Ameriflux,Burdette Farm Rice Field - AWD,US-BdA,-90.0327,35.8089,NA,NA,11.499957538066353,47.35218811035156,NA,11.086597442626957,NA
Ameriflux,Burdette Farm Rice Field - conventional,US-BdC,-90.0284,35.8089,NA,NA,11.715841215211587,47.35218811035156,NA,11.086597442626951,NA
Ameriflux,Big Chico Creek,US-BgC,-121.8135,39.8125,0.569063620501606,0.26462962766887216,23.481324120689628,11.795332908630373,5.9899110803256495,100.68688417280059,98.43888854980469
Ameriflux,Bouldin Island Alfalfa,US-Bi1,-121.4993,38.0992,0.8822480819471148,0.04835866770947989,3.334737216330957,12.444383309108819,4.36813062286354,0,25.74139635201018
Ameriflux,Bouldin Island corn,US-Bi2,-121.5351,38.1091,0.5021347947557316,0,2.6634301528560953,12.504311561584473,1.511898059819354,0,3.3694603200362274
Ameriflux,Brookings,US-Bkg,-96.8362,44.3453,NA,NA,5.43030524834201,10.414169311523438,NA,0,NA
Ameriflux,Black Hills,US-Blk,-103.65,44.158,NA,NA,37.049824352054976,90.39855194091797,NA,60.37462791637651,58.67629623413087
Ameriflux,Blodgett Forest,US-Blo,-120.6328,38.8953,232.22974699655092,132.04907004311477,132.83442820605222,56.27831268310546,212.7408717192232,191.84816044319936,345.3463219758746
Ameriflux,Bangtail Mountain Meadow,US-BMM,-110.7776,45.783,25.121226050166815,NA,43.351174437936464,95.32366180419922,NA,43.76169586181641,64.60357666015625
Ameriflux,Bondville,US-Bo1,-88.2904,40.0062,NA,NA,3.5783986314560416,10.644199495562328,NA,0,NA
Ameriflux,Bondville (companion site),US-Bo2,-88.29,40.009,NA,NA,3.619352126445204,10.634089871832025,NA,0,NA
Ameriflux,Brooks Field Site 10- Ames,US-Br1,-93.6906,41.9749,NA,NA,1.6489785104117483,11.291038513183594,NA,16.193910598754872,NA
Ameriflux,Brooks Field Site 1011- Ames,US-Br2,-93.6925,41.9757,NA,NA,1.7255997466025141,11.291038513183594,NA,16.19391059875489,NA
Ameriflux,Brooks Field Site 11- Ames,US-Br3,-93.6936,41.9747,NA,NA,1.8006259483666411,11.291038513183594,NA,16.193910598754876,NA
Ameriflux,Bayles Road Grassland Tower,US-BRG,-86.5406,39.2167,NA,NA,103.80528342307184,51.23646545410156,NA,118.23437499999997,NA
Ameriflux,Burns Sagebrush,US-Bsg,-119.6909,43.4712,0,0,1.359454903127379,9.49027156829834,NA,0,0.6907772205183635
Ameriflux,Barnstable Great Marsh,US-BSM,-70.3644,41.7297,NA,NA,63.87880116513532,92.08142852783203,NA,12.850929128771067,NA
Ameriflux,INFLUX - NIST Turfgrass Site,US-BWa,-77.2175,39.1389,NA,NA,41.35526850599372,92.21760559082031,NA,67.42100022288047,NA
Ameriflux,INFLUX - Montgomery County pasture site,US-BWb,-77.4509,39.1955,NA,NA,58.3814531851018,33.820919036865234,NA,71.6815872192383,NA
Ameriflux,Canaan Valley,US-CaV,-79.4208,39.0633,NA,NA,82.30353848926097,188.1053466796875,NA,114.98886871337889,NA
Ameriflux,Coloma Corn 1,US-CC1,-89.6787,44.0732,NA,NA,42.86880874633789,34.745628356933594,NA,57.659760178728334,NA
Ameriflux,Coloma Corn 2,US-CC2,-89.6196,44.1039,NA,NA,49.78366233982624,34.745628356933594,NA,19.644712448120124,NA
Ameriflux,Cedar Mesa,US-CdM,-109.7471,37.5241,0.004180974165570989,6.952002076654218,7.008294277523912,12.298438027023357,14.369845883016064,25.158084869384783,24.53216552734375
Ameriflux,Cedar Bridge,US-Ced,-74.3791,39.8379,NA,NA,71.63574102502088,89.38007354736328,NA,37.53961563110353,NA
Ameriflux,CAF-LTAR Cook East,US-CF1,-117.0821,46.7815,0.1421630119677977,NA,3.218985415172793,11.944751739501953,NA,0,18.759319305419922
Ameriflux,CAF-LTAR Cook West,US-CF2,-117.0908,46.784,0.049844594986654424,NA,3.3648149957245015,11.944751739501953,NA,0,19.610502754118308
Ameriflux,CAF-LTAR Boyd North,US-CF3,-117.1261,46.7551,0.04535081158678316,NA,3.9497231245093065,11.901940125558951,NA,0,27.571012496948246
Ameriflux,CAF-LTAR Boyd South,US-CF4,-117.1285,46.7518,0.14838289571600796,NA,4.702201579329955,11.845371670126019,NA,0,27.571012496948246
Ameriflux,Concord Grazed Grassland,US-CGG,-121.9761,37.938,3.125187479679557,0.6868039879731944,10.39098740097241,12.299274444580076,12.212689145555018,5.466663875951409,50.647666931152344
Ameriflux,Chestnut Ridge,US-ChR,-84.3324,35.9311,NA,NA,194.32529335380448,91.84534454345703,NA,120.57734680175774,NA
Ameriflux,Cole Farm,US-CLF,-77.9424,40.6366,NA,NA,403.58345889852995,68.92650604248047,NA,94.84812558984434,NA
Ameriflux,Charleston Mesquite Woodland,US-CMW,-110.1777,31.6637,0.4084477930860565,0.009367439374982783,15.519778984820151,15.77459716796875,28.282304554234997,1.0219408273696908,10.44324016571045
Ameriflux,Corral Pocket,US-Cop,-109.39,38.09,0.15399293439668915,0.58825276711807,3.4252564813246478,9.836682319641113,2.2829549096139483,8.661753654479979,5.214308537370964
Ameriflux,Chimney Park,US-CPk,-106.1187,41.068,NA,90.91961285133503,30.163442004563905,31.62019157409668,NA,67.41014099121097,78.44928741455078
Ameriflux,Davy Crockett National Forest,US-CRK,-95.3415,31.4629,NA,NA,166.62851808811817,97.343048095703125,NA,67.37595367431646,NA
Ameriflux,Curtice Walter-Berger cropland,US-CRT,-83.3471,41.6285,NA,NA,16.021710149993925,11.07299518585205,NA,0,NA
Ameriflux,Central Sands Irrigated Agricultural Field,US-CS1,-89.5379,44.1031,NA,NA,25.85599603344138,34.745628356933594,NA,19.64471244812011,NA
Ameriflux,Tri county school Pine Forest,US-CS2,-89.5002,44.1467,NA,NA,71.18640865791156,36.089921416845044,NA,19.644712448120114,NA
Ameriflux,Central Sands Irrigated Agricultural Field,US-CS3,-89.5727,44.1394,NA,NA,15.857834994002046,34.745628356933594,NA,19.644712448120128,NA
Ameriflux,Central Sands Irrigated Agricultural Field,US-CS4,-89.5475,44.1597,NA,NA,21.715218468759424,34.745628356933594,NA,19.644712448120114,NA
Ameriflux,Central Sands Irrigated Agricultural Field,US-CS5,-89.5377,44.1095,NA,NA,25.07037423127453,34.745628356933594,NA,19.644712448120117,NA
Ameriflux,Central Sands Irrigated Agricultural Field,US-CS6,-89.544,44.4297,NA,NA,23.452083179465117,34.309207916259766,NA,31.03528785705567,NA
Ameriflux,Central Sands Forest,US-CS7,-89.5443,44.4375,NA,NA,34.50081101659525,34.309207916259766,NA,31.035287857055675,NA
Ameriflux,Central Sands Irrigated Agricultural Field,US-CS8,-89.5364,44.4338,NA,NA,30.3650851002341,34.309207916259766,NA,31.035287857055668,NA
Ameriflux,Crossett Experimental Forest,US-Cst,-91.9204,33.0442,NA,NA,124.60870772328292,39.34800720214844,NA,77.36464691162112,NA
Ameriflux,Cottonwood,US-Ctn,-101.8466,43.95,NA,NA,3.4672996775043887,11.554893493652344,NA,0,0.2612605392932892
Ameriflux,Coweeta Grassland,US-CwG,-83.3951,34.9682,NA,NA,134.0966152533818,126.64522552490233,NA,159.74365234374997,NA
Ameriflux,Coweeta,US-Cwt,-83.4275,35.0592,NA,NA,210.13727504730886,167.30657958984375,NA,159.74365234374997,NA
Ameriflux,"Central Plains Experimental Range 1, Nunn, Colorado",US-CX1,-104.76,40.833,NA,0,1.470905638857538,9.848169332017706,NA,0,0
Ameriflux,"Central Plains Experimental Range 2, Nunn, Colorado",US-CX2,-104.7672,40.8402,NA,0,1.476055071417022,9.8610200881958,NA,0,0
Ameriflux,"Sierra Critical Zone, Sierra Transect, Oak/Pine Woodland, San Joaquin Experimental Range",US-CZ1,-119.7313,37.1088,1.5635213765046052,12.98542134684441,28.493213762519783,27.249465942382812,28.321691221130873,6.655342120094443,66.30617684725298
Ameriflux,"Sierra Critical Zone, Sierra Transect, Ponderosa Pine Forest, Soaproot Saddle",US-CZ2,-119.2566,37.0311,175.43043751581604,191.68976531531857,54.02571680273173,39.54508806656295,178.87959563439264,178.01660156249994,301.6092834472656
Ameriflux,"Sierra Critical Zone, Sierra Transect, Sierran Mixed Conifer, P301",US-CZ3,-119.1951,37.0674,175.40635522144225,214.00107349121194,134.52186794868837,40.47774887084961,245.2579289453191,178.01660156249997,295.8236284299762
Ameriflux,"Sierra Critical Zone, Sierra Transect, Subalpine Forest, Shorthair",US-CZ4,-118.9867,37.0675,75.30203894657829,285.37207764299836,74.88791646018575,39.12983322143555,181.69283759458978,146.29292297363287,169.82998657226562
Ameriflux,Berkeley Way West,US-DBk,-122.2684,37.8736,5.934078491045233,13.712789419434005,7.807354227938469,NA,24.013615664996234,21.607156753540032,0
Ameriflux,Dwarf Cypress Swamp,US-DCS,-80.9078,25.7626,NA,NA,23.929921068545756,13.796663284301758,NA,22.51352691650391,NA
Ameriflux,California UC ANR Desert Research and Extension Center Alfalfa,US-Dea,-115.4423,32.8136,0.020136915764789307,0,1.713577257118521,11.294845581054688,2.6548370637078014,0,11.866992950439453
Ameriflux,California UC ANR Desert Research and Extension Center Urban Farm Tower,US-Deu,-115.4456,32.8056,0.08247579210079174,0,1.6247859348418021,11.294845581054688,2.8890085185086267,0,12.471339948263635
Ameriflux,"US Dairy Forage Research Center, Prairie du Sac",US-DFC,-89.7117,43.3448,NA,NA,29.844871423027257,35.061195373535156,NA,17.993116378784187,NA
Ameriflux,Dairy Forage Research Center - Kernza,US-DFK,-89.7154,43.3453,NA,NA,28.70876159563927,35.061195373535156,NA,17.993116378784176,NA
Ameriflux,Diablo,US-Dia,-121.5296,37.6773,0,0,5.030665183512181,17.963218688964844,0.22890348927819332,5.460383313627754,28.086708068847656
Ameriflux,Fort Dix,US-Dix,-74.4346,39.9712,NA,NA,72.71881128695975,89.38007354736328,NA,73.08127593994146,NA
Ameriflux,Duke Forest-open field,US-Dk1,-79.0934,35.9712,NA,NA,208.85722805399914,47.67133712768555,NA,74.70080566406246,NA
Ameriflux,Duke Forest-hardwoods,US-Dk2,-79.1004,35.9736,NA,NA,231.5818234502051,47.67133712768555,NA,74.70080566406246,NA
Ameriflux,Duke Forest - loblolly pine,US-Dk3,-79.0942,35.9782,NA,NA,220.1685552299526,47.67133712768555,NA,74.70080566406244,NA
Ameriflux,Dutch Slough Marsh Gilbert Tract,US-Dmg,-121.6691,38.0015,0.1402713443473316,0.019296033095139876,3.683907399429434,12.78257313762465,6.759956475172581,5.436649322509768,9.173567860408578
Ameriflux,Disney Wilderness Preserve Pine Flatwoods,US-DPP,-81.419,28.1046,NA,NA,28.8471456171737,16.484647750854492,NA,34.6896743774414,NA
Ameriflux,Disney Wilderness Preserve Wetland,US-DPW,-81.4361,28.0521,NA,NA,34.249400033162694,16.484647750854492,NA,34.689674377441406,NA
Ameriflux,Staten Corn 1,US-DS1,-121.539,38.1335,0.0072292658374285565,0,1.5946576188006445,12.50431156158447,0.582665150115734,0,3.368778705596924
Ameriflux,Staten Corn 2,US-DS2,-121.514,38.1375,0.9236919347425231,0,1.545458239361918,12.50431156158447,1.9760141937134887,0,3.368778705596924
Ameriflux,Staten Rice 1,US-DS3,-121.549,38.1235,0,0,2.100330107889846,12.504311561584473,2.366187488708894,0,3.368778705596924
Ameriflux,EAA Field Research Park Woodland,US-EA4,-98.3816,29.6633,NA,NA,35.1649795716358,26.59292793273926,NA,9.722003018942248,NA
Ameriflux,Uvalde Ranch Mesquite Woodland,US-EA5,-99.9576,29.3584,NA,NA,9.710356904516484,28.22995376586914,NA,12.083471298217768,NA
Ameriflux,Camp Wood Shield Ranch Oak Savannah,US-EA6,-99.9588,29.6561,NA,NA,23.159684728956965,39.778961181640625,NA,16.634875727745257,NA
Ameriflux,Eden Landing Ecological Reserve,US-EDN,-122.114,37.6156,0,0,1.7891860206128694,10.511804580688477,NA,NA,0
Ameriflux,Elkhorn Slough Hester Marsh,US-EKH,-121.7523,36.8094,4.733285719741316,0.9726946436708878,37.42913383430723,65.62194061279297,11.177329553733871,0,251.92707824707028
Ameriflux,Elkhorn Slough North Marsh,US-EKN,-121.7328,36.8357,17.591800439623942,26.29845360938137,48.027981088463704,65.62194061279297,50.955393856486246,0,251.92707824707028
Ameriflux,Elkhorn Slough Porter Marsh,US-EKP,-121.7488,36.8558,9.77224430506468,31.10429061548828,27.808024633029977,65.62194061279297,73.01513745956883,0,251.9270782470703
Ameriflux,Elkhorn Slough Yampah Marsh,US-EKY,-121.7487,36.8105,4.499048672840246,0.5287799102677126,17.381811424100096,65.62194061279297,9.665332276809316,0,251.92707824707034
Ameriflux,Everglades (long hydroperiod marsh),US-Elm,-80.7826,25.5519,NA,NA,8.403254397016633,44.234710693359375,NA,0,NA
Ameriflux,Edwards Plateau Martin,US-EPM,-99.8619,30.8167,NA,NA,6.295119411355898,20.6430721282959,NA,18.769573211669915,NA
Ameriflux,Everglades (short hydroperiod marsh),US-Esm,-80.5946,25.4379,NA,NA,4.411654621936631,50.319828033447266,NA,8.316816329956051,NA
Ameriflux,Everglades Saltwater intrusion marsh,US-EvM,-80.381,25.3539,NA,NA,3.062244581290487,NA,NA,1.1283162832260127,NA
Ameriflux,Bob Allen Key LTER East,US-FBE,-80.6814,25.0266,NA,NA,NA,NA,NA,NA,NA
Ameriflux,Flagstaff - Managed Forest,US-Fmf,-111.7273,35.1426,16.389433335378392,69.03978455955557,99.91973867860109,101.82066345214844,67.80215498305873,81.72504425048832,78.94586181640625
Ameriflux,Fort Peck,US-FPe,-105.1019,48.3077,NA,NA,1.9803456839724012,9.93378734588623,NA,0,0.13223446136078537
Ameriflux,Freeman Ranch- Grassland,US-FR1,-98.01,29.93,NA,NA,27.808268831857188,32.55236040877581,NA,24.15563392639161,NA
Ameriflux,Freeman Ranch- Mesquite Juniper,US-FR2,-97.9962,29.9495,NA,NA,31.348270050274117,34.20857074705859,NA,24.155633926391598,NA
Ameriflux,Freeman Ranch- Woodland,US-FR3,-97.99,29.94,NA,NA,36.842174393625164,34.82507146413388,NA,24.155633926391605,NA
Ameriflux,Flagstaff - Unmanaged Forest,US-Fuf,-111.762,35.089,82.87392862657889,85.52546988872436,77.57006231960084,33.3759880065918,94.05230987683152,81.91268157958986,124.45143127441406
Ameriflux,Flagstaff - Wildfire,US-Fwf,-111.7718,35.4454,5.939955817823819,32.7385511341865,41.79742341734774,97.03620910644531,49.316673667418506,44.489875793457045,81.07381439208984
Ameriflux,GLEES Brooklyn Tower,US-GBT,-106.2397,41.3658,NA,54.88993363836571,50.24107172498261,86.65321592214532,NA,76.59161376953128,90.8200454711914
Ameriflux,Georgia Coastal Ecosystems LTER Flux Tower,US-GCE,-81.2835,31.4441,NA,NA,43.01144618046071,83.17838287353516,NA,18.956510543823253,NA
Ameriflux,Stannard Rock,US-GL1,-87.2251,47.1835,NA,NA,NA,NA,NA,NA,NA
Ameriflux,Granite Island,US-GL2,-87.4,46.7167,NA,NA,NA,108.12675476074219,NA,NA,NA
Ameriflux,GLEES,US-GLE,-106.2399,41.3665,NA,56.36109344108308,50.51168456882157,86.34145423389502,NA,76.59161376953124,90.8200454711914
Ameriflux,Great Mountain Forest,US-GMF,-73.2333,41.9667,NA,NA,150.07841578786991,44.48945999145508,NA,189.1484832763672,NA
Ameriflux,Goodwin Creek,US-Goo,-89.8735,34.2547,NA,NA,82.77596960661104,67.5963696335111,NA,69.67836761474614,NA
Ameriflux,"Genesee, ID On-farm site Zone 1",US-GZ1,-116.8068,46.5008,0.029247157972971748,NA,6.616730076656905,12.369418917291231,NA,0,32.402972635101875
Ameriflux,"Genesee, ID On-farm site Zone 2",US-GZ2,-116.8047,46.4978,0.03833037787689789,NA,8.692924205182031,12.325999473588983,NA,0,32.03340015300734
Ameriflux,"Genesee, ID On-farm site Zone 3",US-GZ3,-116.8019,46.4949,0.1608298611681473,NA,11.405590440988256,12.287346486748573,NA,0,30.8297371077402
Ameriflux,Harvard Forest EMS Tower (HFR1),US-Ha1,-72.1715,42.5378,NA,NA,165.3727280591068,37.92121124267578,NA,114.92280578613281,NA
Ameriflux,Harvard Forest Hemlock Site,US-Ha2,-72.1779,42.5393,NA,NA,181.61605427865518,37.92121124267578,NA,114.92280578613288,NA
Ameriflux,North Inlet Crab Haul Creek,US-HB1,-79.1957,33.3455,NA,NA,119.20589099477891,NA,NA,31.388685226440433,NA
Ameriflux,Hobcaw Barony Mature Longleaf Pine,US-HB2,-79.244,33.3242,NA,NA,144.74764239579116,104.66316223144531,NA,31.388685226440423,NA
Ameriflux,Hobcaw Barony Longleaf Pine Restoration,US-HB3,-79.2322,33.3482,NA,NA,119.16316949980643,NA,NA,31.388685226440426,NA
Ameriflux,Minim Creek Brackish Impoundment,US-HB4,-79.2975,33.2015,NA,NA,19.55446765405247,98.68402862548828,NA,30.36115264892579,NA
Ameriflux,Hubbard Brook Experimental Forest,US-HBK,-71.7181,43.9397,NA,NA,187.13104870445002,52.58859634399414,NA,130.1892547607422,NA
Ameriflux,Hanford 300 Area,US-Hn1,-119.275,46.4089,0,NA,3.0080291573120763,9.334315299987793,NA,0,5.499685331655091
Ameriflux,Hanford 100H grassland,US-Hn2,-119.4641,46.6889,0.002098322793993577,NA,2.9943648217621677,9.442992210388184,NA,0,0
Ameriflux,Hanford 100H sagebrush,US-Hn3,-119.4614,46.6878,0.002098631562284856,NA,3.925953898807481,9.442992210388184,NA,0,0
Ameriflux,Howland Forest (main tower),US-Ho1,-68.7402,45.2041,NA,NA,107.39663332571489,36.34164639394525,NA,65.87928009033203,NA
Ameriflux,Howland Forest (west tower),US-Ho2,-68.747,45.2091,NA,NA,113.15077949546561,37.20229413235395,NA,65.87928009033205,NA
Ameriflux,Howland Forest (harvest site),US-Ho3,-68.725,45.2072,NA,NA,77.9484629203871,36.13814926147461,NA,65.87928009033207,NA
Ameriflux,Hawk Property,US-HPY,-74.0853,40.7692,NA,NA,9.118391891318645,8.624485969543457,NA,10.92096544082397,NA
Ameriflux,Humnoke Farm Rice Field – Field A,US-HRA,-91.7517,34.5852,NA,NA,7.075551467492522,10.234103135260176,NA,8.984377529888715,NA
Ameriflux,Humnoke Farm Rice Field – Field C,US-HRC,-91.7517,34.5888,NA,NA,6.472192073196062,10.234103031240997,NA,7.5929922554492375,NA
Ameriflux,Humnoke Carr North Rice Field,US-HRN,-91.7132,34.5955,NA,NA,28.126637816101262,10.232397079467773,NA,7.404955387115477,NA
Ameriflux,Herring River Phragmites,US-HRP,-70.0552,41.938,NA,NA,67.55971254421672,NA,NA,88.69389330720692,NA
Ameriflux,Humnoke Carr South Rice Field,US-HRS,-91.7138,34.5922,NA,NA,33.54033030200913,10.232397079467773,NA,7.404955387115477,NA
Ameriflux,Hill Slough Marsh,US-Hsm,-122.0212,38.2368,0.5901436811935283,1.8907254057413123,1.320385527391351,22.518062591552734,12.04956399164812,9.755227088928224,55.473209381103516
Ameriflux,USDA ARS Pasture Sytems and Watershed Management Research Unit- Hawbecker Site,US-HWB,-77.8488,40.8608,NA,NA,53.55649835970741,75.4464111328125,NA,86.78526306152344,NA
Ameriflux,Fermi National Accelerator Laboratory- Batavia (Agricultural site),US-IB1,-88.2227,41.8593,NA,NA,10.1520233922771,8.833524703979492,NA,6.8660888671875,NA
Ameriflux,Fermi National Accelerator Laboratory- Batavia (Prairie site),US-IB2,-88.241,41.8406,NA,NA,9.608222855460395,9.651155533965037,NA,5.6999782280929745,NA
Ameriflux,Paspalum notatum long rotational grazing,US-IL1,-81.1996,27.1879,NA,NA,15.638387962762403,18.057926177978516,NA,0.4467744827270508,NA
Ameriflux,INFLUX - Cemetery Turfgrass Tower,US-INa,-86.179,39.8273,NA,NA,78.86907901695882,10.181988716125488,NA,0.9612076282501228,NA
Ameriflux,INFLUX - Golf Course,US-INb,-86.0024,39.8706,NA,NA,72.2782415313024,10.277446095435716,NA,12.800680160522457,NA
Ameriflux,INFLUX - Downtown Indianapolis (Site-3),US-INc,-86.1652,39.7833,NA,NA,10.406922781458745,10.181988716125488,NA,0.9612076282501223,NA
Ameriflux,INFLUX - Agricultural Site East near Pittsboro,US-INd,-86.5005,39.8645,NA,NA,17.830587282043172,10.90838592002607,NA,6.004423141479494,NA
Ameriflux,INFLUX - Agricultural Site West near Pittsboro,US-INe,-86.5083,39.8632,NA,NA,20.791382531535714,11.11115242714779,NA,6.004423141479489,NA
Ameriflux,INFLUX - East 21st St (Site 2),US-INf,-86.0183,39.7978,NA,NA,18.28979357058902,10.181988716125488,NA,12.800680160522463,NA
Ameriflux,INFLUX - Wayne Twp Comm (Site-7),US-INg,-86.2724,39.7739,NA,NA,45.03525950558862,10.62767219543457,NA,0.9612076282501227,NA
Ameriflux,INFLUX - Agricultural Site East of Indianapolis (Site-9a),US-INi,-85.7005,39.8167,NA,NA,13.15247531597383,10.94921588897705,NA,4.385039329528808,NA
Ameriflux,INFLUX - Agricultural Site East of Indianapolis (Site-9b),US-INj,-85.7066,39.8766,NA,NA,17.1174059660348,10.94921588897705,NA,4.385039329528811,NA
Ameriflux,INFLUX - Agricultural Site West of Indianapolis (Site-14a),US-INn,-86.788,39.9468,NA,NA,11.803178887730454,11.696539878845213,NA,8.778901100158695,NA
Ameriflux,INFLUX - Agricultural Site West of Indianapolis (Site-14b) ,US-INp,-86.7821,39.9477,NA,NA,10.905699966011568,11.696539878845213,NA,8.778901100158695,NA
Ameriflux,Jackson Lane - natural,US-JLN,-75.7531,39.0574,NA,NA,61.93721045645357,36.96654808339521,NA,51.79719501717453,NA
Ameriflux,Jackson Lane - restored,US-JLR,-75.7531,39.0543,NA,NA,55.656092317247676,36.96641732645394,NA,51.47393801208782,NA
Ameriflux,Jornada Experimental Range Bajada Site,US-Jo1,-106.635,32.582,0,0,0.9244161810000345,8.196821212768555,NA,0.615101346060645,2.035463571548462
Ameriflux,Jornada Experimental Range Mixed Shrubland,US-Jo2,-106.6032,32.5849,0,0,1.2334923676682557,8.196821212768555,NA,0.2528485059738162,5.022991604780533
Ameriflux,Jornada Experimental Range Red Lake Playa,US-Jo3,-106.8303,32.7123,0,0,0.9492388601103884,8.355450630187988,NA,0.8861779570579531,0
Ameriflux,WV Jacks Run,US-JRn,-80.1646,39.6789,NA,NA,185.94491837952995,111.2685317993164,NA,98.97389221191408,NA
Ameriflux,KCMP Tall Tower,US-KCM,-93.0728,44.6886,NA,NA,19.910121152793906,9.98960018157959,NA,4.87775468826294,NA
Ameriflux,Konza Prairie LTER (4B),US-KFB,-96.5951,39.0745,NA,NA,4.325948168816956,10.838811874389648,NA,10.135107040405275,NA
Ameriflux,Kansas Field Station,US-KFS,-95.1907,39.0561,NA,NA,54.06060067929742,27.528268814086914,NA,26.731492450370514,NA
Ameriflux,Kingman Farm,US-KGF,-70.9259,43.1717,NA,NA,146.4953413098526,105.88687896728514,NA,86.72066034189777,NA
Ameriflux,KBS Lux Arbor Reserve Corn,US-KL1,-85.4422,42.4847,NA,NA,63.5578288773798,68.12156677246094,NA,27.968484878540057,NA
Ameriflux,KBS Lux Arbor Reserve Switchgrass,US-KL2,-85.4468,42.4768,NA,NA,58.72998959334736,68.12156677246094,NA,27.968484878540043,NA
Ameriflux,KBS Lux Arbor Reserve Prairie,US-KL3,-85.4473,42.4735,NA,NA,49.93389471152677,68.12156677246094,NA,27.96848487854005,NA
Ameriflux,Kansas Land Institute,US-KLS,-97.5684,38.7745,NA,NA,17.545230494902164,11.102958679199219,NA,0.48756408691406233,NA
Ameriflux,KBS Marshall Farms Corn,US-KM1,-85.3287,42.4376,NA,NA,73.34362691924584,68.12156677246094,NA,27.968484878540046,NA
Ameriflux,KBS Marshall Farms Prairie,US-KM2,-85.3098,42.4441,NA,NA,76.77844474491546,68.12156677246094,NA,27.96848487854003,NA
Ameriflux,KBS Marshall Farms Switchgrass,US-KM3,-85.3105,42.4464,NA,NA,74.69517381371588,68.12156677246094,NA,27.968484878540043,NA
Ameriflux,KBS Marshall Farms Smooth Brome Grass (Ref),US-KM4,-85.3301,42.4423,NA,NA,68.39012047423772,68.12156677246094,NA,27.968484878540046,NA
Ameriflux,Konza Prairie LTER (KNZ),US-Kon,-96.5603,39.0824,NA,NA,4.301562573059886,10.838811874389648,NA,10.135107040405272,NA
Ameriflux,Kennedy Space Center (slash pine),US-KS1,-80.6709,28.4583,NA,NA,NA,NA,NA,NA,NA
Ameriflux,Kennedy Space Center (scrub oak),US-KS2,-80.6715,28.6086,NA,NA,NA,NA,NA,NA,NA
Ameriflux,Kennedy Space Center (salt marsh),US-KS3,-80.7427,28.7084,NA,NA,NA,67.07878112792969,NA,NA,NA
Ameriflux,Kennedy Space Center (Spartina marsh),US-KS4,-80.7207,28.6,NA,NA,NA,NA,NA,NA,NA
Ameriflux,KUOM tower,US-KUO,-93.1884,44.9984,NA,NA,26.626635689189637,12.172310571110472,NA,2.644084692001343,NA
Ameriflux,KUOM Turfgrass Field,US-KUT,-93.1863,44.995,NA,NA,24.565729575893577,10.436274266726462,NA,2.644084692001343,NA
Ameriflux,Apple Orchard ARS Kearneysville WV,US-Kyv,-77.8859,39.3447,NA,NA,53.03256356744757,60.66598892211914,NA,35.41244125366209,NA
Ameriflux,Pointe-aux-Chenes Brackish Marsh,US-LA1,-90.4449,29.5013,NA,NA,1.7396924100165543,43.17303594252466,NA,8.794204711914059,NA
Ameriflux,Salvador WMA Freshwater Marsh,US-LA2,-90.2869,29.8587,NA,NA,14.23065530296455,13.615276336669924,NA,3.860743045806884,NA
Ameriflux,Barataria Bay Saline Marsh,US-LA3,-89.9153,29.4936,NA,NA,0.5041861613920453,8.0570707321167,NA,0,NA
Ameriflux,Lockney Grassland,US-LGr,-101.4787,34.1377,0.2593423403950984,0,1.3622938041367936,8.64285659790039,NA,0,9.271444320678711
Ameriflux,Lindcove Orange Orchard,US-Lin,-119.0922,36.3566,0.10665679245152554,0.5003054712746242,14.077851498168446,22.76662826538086,9.931808477898265,0.662517786026001,17.948317262834305
Ameriflux,Longleaf Pine - Baker (Mesic site),US-LL1,-84.5329,31.2792,NA,NA,96.83966481746324,34.06828308105469,NA,66.87648773193355,NA
Ameriflux,Longleaf Pine - Dubignion (Intermediate site),US-LL2,-84.4449,31.201,NA,NA,78.18092846310974,31.63711929321289,NA,42.200626373291016,NA
Ameriflux,Longleaf Pine - Red Dirt (Xeric site),US-LL3,-84.4787,31.2688,NA,NA,82.99258068860925,34.71452713012695,NA,66.87648773193361,NA
Ameriflux,Lost Creek,US-Los,-89.9792,46.0827,NA,NA,56.56006565080274,107.08599853515625,NA,54.182262420654276,NA
Ameriflux,Little Prospect Hill,US-LPH,-72.185,42.5419,NA,NA,201.56022599113408,37.92121124267578,NA,114.92280578613281,NA
Ameriflux,San Pedro River Lewis Springs Sacaton Grassland,US-LS1,-110.1403,31.5615,7.429732489395606e-4,0.08445240479380998,11.112249957887384,15.77459716796875,18.609642724823093,1.0219408273696902,10.835078239440918
Ameriflux,San Pedro River Lewis Springs Savanna,US-LS2,-110.1344,31.5659,0,0,8.217119676885837,15.77459716796875,17.53139927435921,1.0219408273696906,10.835078239440918
Ameriflux,Missouri-Moreau River Basin USDA Certified Organic Farm,US-LU1,-92.2487,38.5048,NA,NA,71.85236953983406,47.53870664939725,NA,22.56202888488771,NA
Ameriflux,Little Washita Watershed,US-LWW,-97.9789,34.9604,NA,NA,6.166908024175867,10.930156707763672,NA,8.726741790771483,NA
Ameriflux,MacArthur Agro-Ecology,US-MAC,-81.1873,27.1632,NA,NA,19.38753944998389,18.057926177978516,NA,0.44677448272705067,NA
Ameriflux,Marcell Bog Lake Peatland,US-MBP,-93.4893,47.5051,NA,NA,135.1222376186963,125.73035646238063,NA,39.96477890014649,NA
Ameriflux,"Creston, Montana pivot-irrigated spring wheat",US-MC1,-114.1548,48.1873,0.2998673731531622,NA,14.989779470093357,95.73536682128906,NA,56.64702224731447,42.27984619140625
Ameriflux,"Creston, Montana pivot-irrigated spring wheat 2",US-MC2,-114.2051,48.1802,0.9383144595194295,NA,17.849255882133793,95.73536682128906,NA,56.64702224731447,71.2367727407612
Ameriflux,"Moro Cojo Slough, PG&E Treatment Wetland",US-MCP,-121.769,36.783,0.07873841659267282,0,4.972253994140062,NA,19.11565136313221,0,99.2261962890625
Ameriflux,Metolius - Eyerly burn,US-Me1,-121.5,44.5794,15.017724856251027,NA,12.549278862573317,46.715065791078054,NA,53.29314041137692,149.96345475369134
Ameriflux,Metolius mature ponderosa pine,US-Me2,-121.5589,44.4526,74.37399504445608,NA,61.01630676054169,70.81029510498047,NA,97.62456316885442,200.6615447998047
Ameriflux,Metolius-second young aged pine,US-Me3,-121.6078,44.3154,15.522044806675018,NA,68.99048630981923,70.81029510498047,NA,43.42892658087912,187.15270062525164
Ameriflux,Metolius-old aged ponderosa pine,US-Me4,-121.6224,44.4992,110.1270027972345,NA,142.362015592344,75.71459040907666,NA,97.6335525512695,214.3393939284642
Ameriflux,Metolius-first young aged pine,US-Me5,-121.5668,44.4372,40.01056705690454,NA,52.28887683204097,70.81029510498047,NA,97.51636468405093,200.6615447998047
Ameriflux,Metolius Young Pine Burn,US-Me6,-121.6078,44.3233,12.533200533185044,NA,63.36768858341268,70.81029510498047,NA,19.565617028836378,187.14761056909416
Ameriflux,Metolius Low Burn Severity Subcanopy,US-Me7,-121.5619,44.4534,70.32132399965282,NA,58.35960672065264,70.81029510498047,NA,97.63355255126956,200.6615447998047
Ameriflux,"Lake Mendota, Center for Limnology Site",US-Men,-89.403,43.0772,NA,NA,10.758919202469096,10.810657501220703,NA,9.658852577209474,NA
Ameriflux,Moore Fields,US-MFs,-70.961,43.1385,NA,NA,125.31285289475346,105.88687896728517,NA,86.76229095458989,NA
Ameriflux,MPG Ranch Rangeland Restoration,US-MG1,-114.0353,46.6996,0.893568313080214,NA,27.99506326229925,215.70254516601562,NA,45.81814193725588,53.30478744325409
Ameriflux,"Huntley, Montana irrigated barley site 1",US-MH1,-108.2414,45.9206,NA,NA,4.178054157578402,10.972132434828332,NA,1.7328349351882935,3.9368991851806645
Ameriflux,"Huntley, Montana irrigated barley site 2",US-MH2,-108.1978,45.9699,NA,NA,3.2731527971140557,10.992652893066406,NA,0.7428495287895204,4.382886217375851
Ameriflux,LTAR UCB (Upper Chesapeake Bay) Miscanthus 1,US-Mi1,-80.6313,41.7727,NA,NA,59.68261040288628,93.62818908691406,NA,51.6872980186697,NA
Ameriflux,LTAR UCB (Upper Chesapeake Bay) Miscanthus 2,US-Mi2,-80.855,41.5479,NA,NA,110.02613593391573,77.5926284790039,NA,98.74235534667969,NA
Ameriflux,LTAR UCB (Upper Chesapeake Bay) Miscanthus 3,US-Mi3,-80.637,41.8222,NA,NA,112.94828180954336,93.62818908691406,NA,51.669799804687486,NA
Ameriflux,Montana Judith Basin wheat field,US-Mj1,-109.6137,46.9948,NA,NA,3.196338379976487,11.785949113216402,NA,11.389719009399426,0.9109409947731217
Ameriflux,Montana Judith Basin summer fallow field,US-Mj2,-109.6295,46.9957,NA,NA,1.9779997242244103,11.771041602647493,NA,11.389719009399412,1.2244891690019455
Ameriflux,Morgan Monroe State Forest,US-MMS,-86.4131,39.3232,NA,NA,268.6233709741727,35.01875686645508,NA,118.23437499999993,NA
Ameriflux,"Morris: Corn-Soybean with Cover Crops, Strip Tillage",US-MN1,-96.1269,45.6168,NA,NA,2.8527481211267802,11.096091270446776,NA,2.3179292678833003,NA
Ameriflux,"Morris: Corn-Soybean-Wheat with Cover Crops, Minimal Tillage",US-MN2,-96.1271,45.627,NA,NA,2.9215089736093267,11.096091270446777,NA,2.3179292678833003,NA
Ameriflux,"Morris: Corn-Soybean, Conventional Tillage",US-MN3,-96.1265,45.6091,NA,NA,3.576677468468903,11.096091270446776,NA,2.3179292678833,NA
Ameriflux,LTAR CMRB Field 1 (CMRB ASP),US-Mo1,-92.1167,39.2298,NA,NA,7.739345274606643,11.594643592834473,NA,7.402910709381099,NA
Ameriflux,LTAR CMRB Tucker Prairie (CMRB TP),US-Mo2,-91.9945,38.9488,NA,NA,15.485264175942929,40.27286518068449,NA,13.014154434204098,NA
Ameriflux,LTAR CMRB Field 3 (CMRB BAU),US-Mo3,-92.1497,39.2311,NA,NA,16.550709744639096,11.594643592834473,NA,7.402910709381111,NA
Ameriflux,Missouri Ozark Site,US-MOz,-92.2,38.7441,NA,NA,188.72927841030796,45.08909375339746,NA,43.08551025390624,NA
Ameriflux,Mountainair Pinyon-Juniper Woodland,US-Mpj,-106.2377,34.4385,3.9533046024249705,19.315068351015277,6.249909219812005,8.817193031311035,NA,9.842346191406255,18.07330322265625
Ameriflux,Mary's River (Fir) site,US-MRf,-123.5515,44.6465,251.01528545676797,NA,216.1632560848207,33.998390197753906,NA,257.80404776629166,338.6606750488281
Ameriflux,Marsh Resource Meadowlands Mitigation Bank,US-MRM,-74.0435,40.8164,NA,NA,5.303400175247336,8.624485969543457,NA,11.19555568695068,NA
Ameriflux,Montana Sun River winter wheat ,US-MSR,-111.7207,47.4758,0,NA,1.2856712842770894,11.66722774505615,NA,0,0.5461128950119019
Ameriflux,Mt Bigelow,US-MtB,-110.7256,32.416,37.57155318498325,117.28504623156289,164.96959861782804,67.42195129394531,113.65170954784236,16.94514959759881,89.62761688232422
Ameriflux,Montana Vaughn Fallow,US-MVF,-111.4659,47.6867,0,NA,1.037678111578844,10.713072776794434,NA,0,1.4961726665496826
Ameriflux,Montana Vaughn Wheat,US-MVW,-111.4889,47.6729,0.03710860223426412,NA,1.3208570244142925,10.715747878730669,NA,0,1.4443740824194122
Ameriflux,Jackson Agricultural Field,US-MWA,-84.8539,42.2143,NA,NA,22.993523129164824,40.29039001464844,NA,39.997974395751974,NA
Ameriflux,Kellogg Experimental Forest,US-MWF,-85.3526,42.366,NA,NA,147.6233219452432,68.12156677246094,NA,27.968484878540043,NA
Ameriflux,Michigan State University Campus Site - Spartans,US-MWS,-84.4737,42.7293,NA,NA,35.16383954085748,39.800636291503906,NA,11.25982856750488,NA
Ameriflux,Battle Creek Area Mathematics and Science Center,US-MWU,-85.1871,42.3228,NA,NA,13.976906113090145,37.427162170410156,NA,29.08633041381834,NA
Ameriflux,Allegan Wetland,US-MWW,-86.0229,42.6689,NA,NA,76.76969479442918,67.23252868652344,NA,52.768905639648416,NA
Ameriflux,Mayberry Wetland,US-Myb,-121.765,38.0499,0.12061901780291007,0,1.607519032904573,12.805852890014648,14.154733146464977,5.436649322509764,18.159996032714844
Ameriflux,NC_Clearcut,US-NC1,-76.7119,35.8118,NA,NA,51.96215731350989,66.96083068847656,NA,82.84978485107426,NA
Ameriflux,NC_Loblolly Plantation,US-NC2,-76.6685,35.803,NA,NA,86.0025036510256,66.96083068847656,NA,33.58429718017577,NA
Ameriflux,NC_Clearcut#3,US-NC3,-76.656,35.799,NA,NA,87.97237596967801,66.96083068847656,NA,33.584297180175774,NA
Ameriflux,NC_AlligatorRiver,US-NC4,-75.9038,35.7879,NA,NA,92.43980203750317,130.84703063964844,NA,64.81290435791014,NA
Ameriflux,Mead - irrigated continuous maize site,US-Ne1,-96.4766,41.1651,NA,NA,3.280053616870024,10.750755310058594,NA,1.8774465322494505,NA
Ameriflux,Mead - irrigated maize-soybean rotation site,US-Ne2,-96.4701,41.1649,NA,NA,2.3850363886522814,10.750755310058594,NA,1.8774465322494505,NA
Ameriflux,Mead - rainfed maize-soybean rotation site,US-Ne3,-96.4397,41.1797,NA,NA,3.622437616571687,10.750755310058594,NA,1.8774465322494505,NA
Ameriflux,Northern Michigan Jack Pine Stand,US-NMj,-88.5194,46.6465,NA,NA,56.730287600745356,26.720247268676758,NA,88.61156463623053,NA
Ameriflux,Business-As-Usual Management (mandanh5),US-NP1,-100.951,46.7756,NA,NA,3.902074955630203,11.011151313781738,NA,7.157633781433104,4.727197170257568
Ameriflux,ASPirational Management (mandani2),US-NP2,-100.9257,46.7613,NA,NA,2.9177097718091627,11.011151313781738,NA,7.1576337814331055,4.727197170257568
Ameriflux,Niwot Ridge Forest (LTER NWT1),US-NR1,-105.5464,40.0329,NA,84.10676860981725,60.82938472694833,76.3296890258789,NA,64.18009912395765,108.78213500976562
Ameriflux,Niwot Ridge Forest (USGS site),US-NR2,-105.5469,40.0325,NA,84.19354567514755,60.201996177082286,76.3296890258789,NA,64.37480585846107,108.78213500976562
Ameriflux,Niwot Ridge Alpine (T-Van West),US-NR3,-105.5864,40.052,NA,14.275343615580221,19.043633409177726,76.3296890258789,NA,76.99402618408199,108.78213500976562
Ameriflux,Niwot Ridge Alpine (T-Van East),US-NR4,-105.5859,40.052,NA,14.25312118984496,19.08102072162002,76.3296890258789,NA,76.99402618408205,108.78213500976562
Ameriflux,Nisqually reference,US-Nrf,-122.6927,47.0935,59.886050296976926,NA,67.91287117248912,15.459033012390137,NA,30.85082054138183,317.5269437575207
Ameriflux,Nisqually restoring,US-Nrs,-122.7079,47.0936,14.851330311761892,NA,15.052115996302478,15.459033012390138,NA,30.85082054138184,274.0241820340131
Ameriflux,Newman Seasonal Wetlands,US-NSW,-121.0042,37.3091,1.1597731703248535,0.026186411855073186,2.5862323914828522,22.08825809286169,0.8195730393653172,6.3304777145385716,1.3967652774750472
Ameriflux,Osceola Farm Rice Field - SW,US-OF1,-90.0492,35.7371,NA,NA,10.270594743552106,9.73349380493164,NA,11.086597442626951,NA
Ameriflux,Osceola Farm Rice Field - NW,US-OF2,-90.0489,35.7406,NA,NA,10.504831532602225,9.73349380493164,NA,11.086597442626955,NA
Ameriflux,Oak Openings,US-Oho,-83.8438,41.5545,NA,NA,194.92064471048545,10.699804306030273,NA,29.473802566528317,NA
Ameriflux,Florida pine flatwoods,US-ONA,-81.9509,27.3836,NA,NA,21.632209126613265,27.279682159423825,NA,20.297885894775398,NA
Ameriflux,Optimizing Production Inputs for Economic and Environmental Enhancement (OPE3),US-OPE,-76.8457,39.0293,NA,NA,159.75818774061975,75.05352020263672,NA,61.642574310302784,NA
Ameriflux,Olentangy River Wetland Research Park,US-ORv,-83.0183,40.0201,NA,NA,20.976081900621576,23.023784637451172,NA,9.224530220031737,NA
Ameriflux,Old Woman Creek,US-OWC,-82.5125,41.3795,NA,NA,61.731949080251916,33.69078063964844,NA,22.203001022338864,NA
Ameriflux,"Florida, Paspalum notatum pasture",US-PAS,-81.951,27.3944,NA,NA,20.903359131367896,27.279682159423825,NA,20.29788589477539,NA
Ameriflux,5R Pecan Farm Above Canopy,US-PeA,-106.0788,31.4123,0.639001154531118,1.414529670766825,19.69849881318421,9.810615539550781,NA,0.5118203163146978,2.956449031829834
Ameriflux,Park Falls/WLEF,US-PFa,-90.2723,45.9459,NA,NA,123.27974708125195,134.87783813476562,NA,62.43525761896762,NA
Ameriflux,NW1 Pine-1 CHEESEHEAD 2019,US-PFb,-90.3232,45.972,NA,NA,102.39303141957465,134.87783813476562,NA,61.997711181640646,NA
Ameriflux,NW2 Aspen-1 CHEESEHEAD 2019,US-PFc,-90.3088,45.9677,NA,NA,111.89612750661938,134.87783813476562,NA,61.99771118164066,NA
Ameriflux,NW3 Tussock-1 CHEESEHEAD 2019,US-PFd,-90.301,45.9689,NA,NA,112.35323148413214,134.87783813476562,NA,61.99771118164065,NA
Ameriflux,NW4 Lake-1 CHEESEHEAD 2019,US-PFe,-90.3004,45.9793,NA,NA,113.4451390888332,134.87783813476562,NA,61.997711181640604,NA
Ameriflux,NW5 Grass-1 CHEESEHEAD 2019,US-PFf,-90.2944,45.9458,NA,NA,96.47562452604136,134.87783813476562,NA,61.99771118164062,NA
Ameriflux,NE1 Pine-2 CHEESEHEAD 2019,US-PFg,-90.2723,45.9735,NA,NA,145.2886504979225,134.87783813476562,NA,61.997711181640604,NA
Ameriflux,NE2 Pine-3 CHEESEHEAD 2019,US-PFh,-90.2406,45.9557,NA,NA,297.54068178865793,132.65547132407434,NA,63.706138566379856,NA
Ameriflux,NE3 Hardwood-1 CHEESEHEAD 2019,US-PFi,-90.2327,45.9749,NA,NA,291.75441520508286,132.4522705078125,NA,60.716570632833516,NA
Ameriflux,NE4 Maple-1 CHEESEHEAD 2019,US-PFj,-90.227,45.9619,NA,NA,432.6390723342998,132.4522705078125,NA,63.99211280721404,NA
Ameriflux,SW1 Aspen-2 CHEESEHEAD 2019,US-PFk,-90.3425,45.9149,NA,NA,93.32755080578526,134.87783813476562,NA,61.99771118164061,NA
Ameriflux,SW2 Aspen-3 CHEESEHEAD 2019,US-PFL,-90.3177,45.9409,NA,NA,85.68654737402943,134.87783813476562,NA,61.99771118164061,NA
Ameriflux,SW3 Hardwood-2 CHEESEHEAD 2019,US-PFm,-90.3099,45.9207,NA,NA,90.50616863369537,134.87783813476562,NA,62.3599647866592,NA
Ameriflux,SW4 Hardwood-3 CHEESEHEAD 2019,US-PFn,-90.2823,45.9392,NA,NA,110.84176714036784,134.87783813476562,NA,62.41819207790088,NA
Ameriflux,SE1 Lake-2 CHEESEHEAD 2019,US-PFo,-90.2728,45.9229,NA,NA,118.4467429958684,134.87783813476562,NA,64.18560791015625,NA
Ameriflux,SE2 Hardwood-4 CHEESEHEAD 2019,US-PFp,-90.2641,45.9365,NA,NA,124.67083851775949,134.87783813476562,NA,63.969002063666224,NA
Ameriflux,SE3 Aspen-4 CHEESEHEAD 2019,US-PFq,-90.2475,45.9271,NA,NA,149.07077026367188,133.3700148353361,NA,64.18560791015625,NA
Ameriflux,SE4 Tussock-2 CHEESEHEAD 2019,US-PFr,-90.2475,45.9245,NA,NA,149.07077026367188,133.3697013696258,NA,64.18560791015624,NA
Ameriflux,SE5 Aspen-5 CHEESEHEAD 2019,US-PFs,-90.2382,45.9381,NA,NA,182.81393036053134,132.49284477694036,NA,64.18560791015625,NA
Ameriflux,SE6 Pine-4 CHEESEHEAD 2019,US-PFt,-90.2288,45.9197,NA,NA,75.05352594086494,132.4522705078125,NA,64.18560791015624,NA
Ameriflux,Plum Island High Marsh,US-PHM,-70.8301,42.7423,NA,NA,5.770680857093002,100.94283496382516,NA,74.24483575263875,NA
Ameriflux,Pine Upland,US-PiU,-80.9261,26.0004,NA,NA,37.38138073771156,15.038256300487518,NA,26.264764785766616,NA
Ameriflux,Plum Island Low Marsh,US-PLM,-70.8382,42.7345,NA,NA,5.47740823964496,100.8577880859375,NA,66.58266878925431,NA
Ameriflux,Plum Island Oligohaline Marsh,US-PLo,-70.9157,42.7496,NA,NA,78.89364612338942,102.02213649437928,NA,61.11818313598635,NA
Ameriflux,"Lake Mendota, Picnic Point Site",US-Pnp,-89.4158,43.0896,NA,NA,20.513187794008175,10.810657501220703,NA,9.658852577209482,NA
Ameriflux,Ponca City,US-Pon,-97.1333,36.7667,NA,NA,5.217400311788848,10.20358943939209,NA,6.588860988616946,NA
Ameriflux,USSL San Joaquin Valley Pistachio High,US-PSH,-119.9247,36.2347,3.4803692817078997,0,2.7952058141345595,17.680177688598633,1.4611735493590425,0,3.4721853733062744
Ameriflux,USSL San Joaquin Valley Pistachio Low,US-PSL,-120.1397,36.8276,4.543658125692952,0.045183660818031844,4.798776686201847,18.284780502319336,2.064289903687915,0,11.168570518493652
Ameriflux,PVAMU Research Farm,US-PVA,-95.9695,30.0958,NA,NA,5.157301604130302,44.83753204345703,NA,20.523551940917976,NA
Ameriflux,"Phoenix, Maryvale Neighborhood Site",US-Px1,-112.1426,33.4839,1.1207781173797475,0.1816256481819153,0.6279876274567193,10.832069396972656,0.05682739447020213,0,2.8591944350314646e-12
Ameriflux,"Phoenix, Encanto Golf Course",US-Px2,-112.098,33.4785,0.8663655033554583,3.2493605402680052,3.2644297981205384,10.832069396972656,0.10349488594090844,0,3.521309716595993e-12
Ameriflux,"Phoenix, Desert botanical garden site",US-Px3,-111.9428,33.4582,1.1671083176562467,0.6141533611467833,2.6238038031211595,10.835653305053711,0.13626524225669637,0,0
Ameriflux,Cook Agronomy Farm - No Till,US-RC1,-117.0777,46.7837,0.895307707858793,NA,3.2616562379961196,11.944751739501955,NA,0,18.759319305419922
Ameriflux,Cook Agronomy Farm - Conventional Till,US-RC2,-117.0807,46.7776,0.22678544121015543,NA,3.097795399901675,11.944751739501953,NA,0,18.759319305419922
Ameriflux,WSU Lind Dryland Research Station,US-RC3,-118.598,46.991,0,NA,2.1666037279734733,10.167307501787446,NA,0,0.0430082206715998
Ameriflux,Moscow Mountain on-farm site,US-RC4,-116.949,46.758,0.007968604151276199,NA,4.900709092896427,63.56997673709874,NA,34.75756454467773,24.030454635620117
Ameriflux,Moses Lake on-farm site,US-RC5,-119.248,47.01,6.303820943305304,NA,2.0699944033014313,9.874638098745464,NA,0,2.2279107570648193
Ameriflux,RockyFlats - East site,US-RFE,-105.169,39.8771,0,0,2.8361008561844177,10.26521110534668,NA,26.011913299560575,66.57373046875
Ameriflux,RockyFlats - West site,US-RFW,-105.2184,39.8751,0,0.15769128488905737,3.0922987801191266,10.26521110534668,NA,26.011913299560554,82.97258758544922
Ameriflux,Arkansas Corn Farm,US-RGA,-91.6733,34.4159,NA,NA,22.605885897059824,61.99947738647462,NA,37.82118225097654,NA
Ameriflux,Butte County Rice Farm,US-RGB,-121.8579,39.5782,0.21237304311135888,0,1.2941405895093092,16.492679595947266,12.096281968827364,4.543518066406248,55.156612396240234
Ameriflux,Stanislaus County Forage Farm,US-RGF,-121.1369,37.6995,14.211714589985617,1.1573861736801703,7.242249613257523,18.27541160583496,9.114981403151997,0.32661879062652577,24.983154596238492
Ameriflux,Glenn County Rice Farm,US-RGG,-122.0253,39.5944,0.13504246466354738,1.096434556065858e-4,2.418886920465289,17.315303802490234,29.939388780114147,4.543518066406251,23.014526426945665
Ameriflux,Glenn County Organic Rice Farm,US-RGo,-122.0026,39.6805,14.303323571003286,0.023666942186469368,15.725453393697844,17.018573863529642,19.63662911426291,4.54351806640625,15.377455900781788
Ameriflux,Desha County Rice Farm,US-RGW,-91.4306,33.6216,NA,NA,15.844695173913756,18.190231323242188,NA,29.491052627563487,NA
Ameriflux,RCEW Low Sagebrush,US-Rls,-116.7356,43.1439,0.0028445696290282214,0.015542007726932885,7.65894012720422,9.76128101348877,NA,0.9180349232754205,25.217771530151367
Ameriflux,RCEW Mountain Big Sagebrush,US-Rms,-116.7486,43.0645,11.704723959026452,5.00672528884391,31.003976917527712,9.944853021055918,NA,10.924529075622553,106.44644927978516
Ameriflux,Rosemount- G21,US-Ro1,-93.0898,44.7143,NA,NA,13.714935068898654,9.98960018157959,NA,24.374359130859375,NA
Ameriflux,Rosemount- C7,US-Ro2,-93.0888,44.7288,NA,NA,14.397612161232065,9.98960018157959,NA,24.374359130859382,NA
Ameriflux,Rosemount- G19,US-Ro3,-93.0893,44.7217,NA,NA,15.001634010374259,9.98960018157959,NA,24.37435913085937,NA
Ameriflux,Rosemount Prairie,US-Ro4,-93.0723,44.6781,NA,NA,26.906468032386396,9.98960018157959,NA,4.87775468826294,NA
Ameriflux,Rosemount I18_South,US-Ro5,-93.0576,44.691,NA,NA,21.361502557061666,9.98960018157959,NA,6.851061687443428,NA
Ameriflux,Rosemount I18_North,US-Ro6,-93.0578,44.6946,NA,NA,21.932539584076252,9.98960018157959,NA,10.966219500680106,NA
Ameriflux,Rice Rivers Center Marsh,US-RRC,-77.2065,37.3344,NA,NA,180.41107177734375,103.45885467529297,NA,79.88343048095705,NA
Ameriflux,RCEW Reynolds Mountain East,US-Rwe,-116.7591,43.0653,4.91008252947081,2.8776402666973735,17.977550295855426,10.156230345236844,NA,10.924529075622557,106.44644927978516
Ameriflux,RCEW Upper Sheep Prescibed Fire,US-Rwf,-116.7231,43.1207,1.2389382087215324,0.9638799874146737,8.830763616879272,9.76128101348877,NA,10.924529075622566,25.217771530151367
Ameriflux,Reynolds Creek Wyoming big sagebrush,US-Rws,-116.7132,43.1675,0,0,5.605892198787788,9.76128101348877,NA,0,25.217771530151367
Ameriflux,Sweet Briar Land-Atmosphere Research Station,US-SB1,-79.0848,37.5734,NA,NA,185.90218593228568,97.31926727294922,NA,93.26342773437496,NA
Ameriflux,Sweet Briar Grass,US-SB2,-79.0883,37.5607,NA,NA,153.39516935246883,97.3192672729492,NA,93.26342773437497,NA
Ameriflux,Sweet Briar Clearcut,US-SB3,-79.0872,37.5752,NA,NA,188.00506149534002,97.31926727294923,NA,93.26342773437501,NA
Ameriflux,Southern California Climate Gradient - Desert Chaparral,US-SCc,-116.4505,33.6094,0,0.21798215175248903,3.9392970554237716,14.466233253479004,5.716295291223562,0.07322162389755246,39.40207290649414
Ameriflux,Southern California Climate Gradient - Sonoran Desert,US-SCd,-116.3721,33.6518,0,0,2.6602370911467017,14.466233253479004,0,0.07322162389755249,38.36075973510742
Ameriflux,Southern California Climate Gradient - Oak/Pine Forest,US-SCf,-116.7717,33.8079,67.5140452378515,113.09761610135473,67.56119148704855,15.44604778289795,150.08032711050214,17.973266601562496,105.78880335312247
Ameriflux,Southern California Climate Gradient - Grassland,US-SCg,-117.6946,33.7365,0.0025427656159768947,0.002098488753179128,40.47214692269815,10.88970947265625,28.32704880341399,0.61089563369751,145.35604086169855
Ameriflux,Southern California Climate Gradient - Coastal Sage,US-SCs,-117.6959,33.7343,0.0036290581860734784,0,49.96362417353951,10.88970947265625,25.886491157984207,0.6108956336975102,141.7797662829206
Ameriflux,Southern California Climate Gradient - Pinyon/Juniper Woodland,US-SCw,-116.4527,33.6047,0.008455510019498768,0.9012266984854401,3.588343517415595,14.466233253479004,6.545513839750339,0.07322162389755255,43.20761864540955
Ameriflux,Nebraska SandHills Dry Valley,US-SdH,-101.4072,42.0693,NA,0,2.5930063836915176,10.032882690429688,NA,0,0
Ameriflux,South Denver Urban Tower,US-SDU,-105.0127,39.6594,0.594941966674897,2.9661616765033765,2.0487381800655804,10.237208366394043,NA,3.1922059059143044,2.3310251298647167e-12
Ameriflux,Sevilleta grassland,US-Seg,-106.702,34.3623,0,0,1.3558610271317366,9.230973243713379,NA,2.082555294036866,1.417412656442819
Ameriflux,Sevilleta shrubland,US-Ses,-106.7442,34.3349,0,0,2.9322087162183195,9.141939958234307,NA,2.082555294036865,1.0428476333618164
Ameriflux,Sioux Falls Portable,US-SFP,-96.902,43.2408,NA,NA,2.1499126080421065,10.742193222045898,NA,0,NA
Ameriflux,Sagehen Creek Field Station,US-SHC,-120.2398,39.4315,89.33194833087381,157.01998341609254,97.98476475525692,101.94514305258544,192.2514053033637,93.27153778076175,205.4795379638672
Ameriflux,Shidler- Oklahoma,US-Shd,-96.6833,36.9333,NA,NA,2.2819237139864392,10.15842056274414,NA,18.065135955810543,NA
Ameriflux,Secaucus High School Site,US-SHS,-74.0457,40.8052,NA,NA,4.374257039824034,8.624485969543457,NA,11.195555686950687,NA
Ameriflux,Staten Island Fallow,US-Si1,-121.5047,38.1747,0.023367265292658642,0,1.6107413590887416,12.476768998168316,0.7674794262985895,0,9.45154601979218
Ameriflux,Staten Island Flooded,US-Si2,-121.5167,38.1758,0.018121420600273275,0.004620898735482398,1.779923081658339,12.504311561584473,1.293666690813705,0,3.368778705596924
Ameriflux,San Joaquin (Freshwater Marsh Tower 1),US-SJ1,-117.8514,33.6623,9.84353003175136,0.2667338396263257,8.561228110203116,14.330520629882812,29.60676536727228,0,3.0459495602846998e-12
Ameriflux,San Joaquin (Freshwater Marsh Tower 2),US-SJ2,-117.855,33.6596,8.764552900969456,0.5539034788132905,7.604861264360476,14.330520629882814,23.132420033388065,0,3.0459495602846998e-12
Ameriflux,Shark River Slough (Tower SRS-6)  Everglades,US-Skr,-81.0776,25.3629,NA,NA,99.08238983154297,114.91968536376953,NA,NA,NA
Ameriflux,Silas Little- New Jersey,US-Slt,-74.596,39.9138,NA,NA,122.4970848310918,77.94152069091797,NA,51.2844212667853,NA
Ameriflux,Texas SmartFarm Project,US-SM1,-100.9537,36.3934,3.797038581267685,0,1.1058269091415072,9.196537017822266,NA,0,0
Ameriflux,Sherman Island,US-Snd,-121.754,38.0366,0.3058054773728209,0,2.5001372637495325,12.720540521141977,3.704133830896027,5.436649322509767,18.159996032714844
Ameriflux,Sherman Island Restored Wetland,US-Sne,-121.7547,38.0369,0.3517713327957917,0,2.3639667546571594,12.731319653732191,3.817834947246018,5.436649322509768,18.159996032714844
Ameriflux,Sherman Barn,US-Snf,-121.7272,38.0402,0.22695668683441206,0,1.9012059025438324,12.504311561584473,0.521503056519782,5.436649322509766,18.159996032714844
Ameriflux,Sky Oaks- Old Stand,US-SO2,-116.6228,33.3738,9.144986380675366,2.2125290737276364,16.346003032118357,22.94315528869629,17.099224365266732,2.0639708042144784,55.34306716918945
Ameriflux,Sky Oaks- Young Stand,US-SO3,-116.6226,33.3771,11.763137462045636,3.320572957145535,15.468696775886663,22.94315528869629,16.664387829197516,2.063970804214477,55.34306716918945
Ameriflux,Sky Oaks- New Stand,US-SO4,-116.6406,33.3845,4.339520697753128,0.27703798961386866,15.726510543943057,22.94315528869629,16.9945157152677,2.0639708042144775,55.34306716918945
Ameriflux,Slashpine-Austin Cary- 65yrs nat regen,US-SP1,-82.2188,29.7381,NA,NA,103.29305909700139,72.20954895019531,NA,68.87075805664065,NA
Ameriflux,"Slashpine-Mize-clearcut-3yr,regen",US-SP2,-82.2448,29.7648,NA,NA,75.70282073242876,36.93823831685592,NA,68.8707580566406,NA
Ameriflux,Slashpine-Donaldson-mid-rot- 12yrs,US-SP3,-82.1633,29.7548,NA,NA,72.06416058565321,41.00397795439543,NA,55.045494354808284,NA
Ameriflux,Slashpine-Rayonier-mid-rot- 12yrs,US-SP4,-82.2031,29.8028,NA,NA,69.23867417222395,34.22422409057617,NA,67.96352024161672,NA
Ameriflux,Santa Rita Creosote,US-SRC,-110.8395,31.9083,0,0,1.5857387104139533,11.92995548248291,0.2953849322386134,1.5605182647705078,12.705530056099247
Ameriflux,Santa Rita Grassland,US-SRG,-110.8277,31.7894,0.4109296300000441,0,4.809293185172644,11.92995548248291,7.059569610055889,10.402503013610835,52.312870025634766
Ameriflux,Santa Rita Mesquite,US-SRM,-110.8661,31.8214,0.020900672692503928,0,2.6073233903770077,11.92995548248291,7.357014865466502,10.40250301361084,19.859975814819336
Ameriflux,Suisun marsh - Rush Ranch,US-Srr,-122.0264,38.2006,0.08177769963251653,0.6895464200354148,1.8440933774969135,22.518062591552734,18.263673062500654,9.755227088928219,56.03862833115459
Ameriflux,Santa Rita Savanna,US-SRS,-110.8508,31.8173,0.09519718688639241,0,3.0219883205796507,11.92995548248291,8.302471524102184,10.402503013610842,19.859975814819336
Ameriflux,Susquehanna Shale Hills Critical Zone Observatory,US-SSH,-77.9041,40.6658,NA,NA,190.91571017086554,68.92650604248047,NA,95.92797088623048,NA
Ameriflux,Saratoga,US-Sta,-106.8024,41.3966,NA,0,2.2167686850151886,10.253133773803711,NA,8.046165466308592,1.649020832374138
Ameriflux,St Jones Reserve,US-StJ,-75.4372,39.0882,NA,NA,30.64581308459822,NA,NA,55.73483768214421,NA
Ameriflux,Strawberry Swamp,US-StS,-79.2492,33.3302,NA,NA,153.41549286898723,104.66316223144531,NA,31.388685226440426,NA
Ameriflux,Sylvania Wilderness Area,US-Syv,-89.3477,46.242,NA,NA,NA,139.1789948219678,NA,91.69925689697263,NA
Ameriflux,"St. John, WA On-farm site Zone 1",US-SZ1,-117.5306,47.1245,0.03748235782954974,NA,4.440153389546319,10.675437927246094,NA,2.5714416503906237,10.731205940246582
Ameriflux,"St. John, WA On-farm site Zone 2",US-SZ2,-117.5271,47.1226,0.037470403954124244,NA,4.367091961430587,10.675437927246094,NA,2.5714416503906263,10.731205940246582
Ameriflux,"St. John, WA On-farm site Zone 3",US-SZ3,-117.5267,47.1261,0.03747118926184665,NA,4.740553636743265,10.675437927246092,NA,2.5714416503906254,10.731205940246582
Ameriflux,Taylor Slough/Panhandle,US-TaS,-80.6391,25.1908,NA,NA,11.596874880657849,NA,NA,0,NA
Ameriflux,Tall Cypress Swamp,US-TCS,-81.1017,25.8221,NA,NA,57.27261765113139,13.887719154357912,NA,27.17779144507346,NA
Ameriflux,Tenderfoot Creek Experimental Forest,US-TEF,-110.8851,46.9522,54.35581426063909,NA,90.76238706999601,131.83155822753906,NA,74.97007751464842,98.9920883178711
Ameriflux,Thompson Farm Forest,US-TFF,-70.9523,43.1084,NA,NA,148.75741878411765,105.88687896728517,NA,86.76229095458984,NA
Ameriflux,Tonzi Ranch,US-Ton,-120.966,38.4309,3.8124648199092386,24.23293046996409,28.43678988777696,23.775894165039062,25.415252117664938,10.820810317993168,27.805683135986328
Ameriflux,Trout Bog,US-TrB,-89.6862,46.0412,NA,NA,110.638518857011,139.33177185058594,NA,85.33000946044918,NA
Ameriflux,Trout Lake Area South Sparkling Bog,US-TrS,-89.7053,46.0034,NA,NA,132.30580354114747,138.29439448220938,NA,77.80168999223467,NA
Ameriflux,Turner Ranch,US-Tur,-111.2286,45.5571,0.29583806170427435,NA,4.526523494293863,13.816399574279785,NA,0,56.54713439941406
Ameriflux,Twitchell Wetland West Pond,US-Tw1,-121.6469,38.1074,0.24156346714250304,0.03676238244822914,2.3302683283164844,12.504311561584473,10.457039350717594,0,21.650047498983714
Ameriflux,Twitchell Corn,US-Tw2,-121.6365,38.0969,0.08728091926870409,0,2.1880726735781644,12.50431156158447,2.849962316752304,0,12.234742679445711
Ameriflux,Twitchell Alfalfa,US-Tw3,-121.6469,38.1152,0.3104335530284256,1.320325398627942e-4,2.2435974805855574,12.504311561584473,5.894291942447072,0,22.295940399169922
Ameriflux,Twitchell East End Wetland,US-Tw4,-121.6413,38.1027,0.3079671539815906,0.012494201725424188,2.373325660952356,12.504311561584474,8.570364809911444,0,17.886240352016618
Ameriflux,East Pond Wetland,US-Tw5,-121.6426,38.1072,0.24573811350862443,0.01738671801926349,2.3707686949635036,12.504311561584474,9.076483302384418,0,21.532049407273735
Ameriflux,Twitchell Island,US-Twt,-121.6531,38.1087,0.21997432471279638,0.037628646151652616,2.2864349130901767,12.504311561584473,14.131636583024974,0,22.22491119535284
Ameriflux,Stiles Farm Prairie,US-Tx1,-97.2938,30.6176,NA,NA,3.4661516884465935,25.21706199645996,NA,1.704872250556946,NA
Ameriflux,Riesel Farm Native Prairie,US-Tx2,-96.8827,31.4802,NA,NA,5.230718245379603,28.223896026611328,NA,2.7900812625885028,NA
Ameriflux,Riesel Farm Aspirational Agriculture,US-Tx3,-96.8883,31.4777,NA,NA,4.73698354172345,28.223896026611328,NA,2.7900812625885023,NA
Ameriflux,Riesel Farm Traditional Agriculture,US-Tx4,-96.8865,31.4693,NA,NA,4.63866308336774,28.223896026611325,NA,2.790081262588502,NA
Ameriflux,Texas A&M University Farm,US-Tx5,-96.4252,30.5328,NA,NA,6.518262712742095,37.70658493041992,NA,9.223347663879391,NA
Ameriflux,La Copita Grassland - Savanna,US-Tx6,-98.2089,27.6666,NA,NA,3.357654098962682,21.55224609375,NA,5.8763761520385724,NA
Ameriflux,La Copita Shrubland - Savanna,US-Tx7,-98.2007,27.665,NA,NA,3.4466289474642142,21.55224609375,NA,5.876376152038578,NA
Ameriflux,Danciger Lowland Hardwood Forest,US-Tx8,-95.829,29.1659,NA,NA,NA,20.500194549560547,NA,7.697099685668948,NA
Ameriflux,Sargent Unit Salt Marsh,US-Tx9,-95.6144,28.7805,NA,NA,14.626679420471191,13.684517860412598,NA,NA,NA
Ameriflux,LTAR UCB (Upper Chesapeake Bay) EC1,US-UC1,-78.0056,40.7536,NA,NA,143.77143173822594,83.97823504344689,NA,86.78526306152348,NA
Ameriflux,LTAR UCB (Upper Chesapeake Bay) EC2,US-UC2,-77.9998,40.7559,NA,NA,143.20322190591725,82.42852411957749,NA,86.78526306152342,NA
Ameriflux,East River Riparian,US-UG1,-106.9524,38.923,1.3863280928667918,11.970917581966287,34.16222687776243,14.691249847412108,NA,75.42276000976564,65.85589599609375
Ameriflux,University of Illinois Switchgrass,US-UiA,-88.1961,40.0646,NA,NA,5.155547323492931,10.739485740661621,NA,0,NA
Ameriflux,University of Illinois Miscanthus,US-UiB,-88.1984,40.0628,NA,NA,4.771695008204313,10.739485740661621,NA,0,NA
Ameriflux,University of Illinois Maize-Soy,US-UiC,-88.1961,40.0628,NA,NA,4.435351535161232,10.739485740661621,NA,0,NA
Ameriflux,University of Illinois Restored Native Prairie,US-UiD,-88.1985,40.0646,NA,NA,5.64283148190174,10.739485740661621,NA,0,NA
Ameriflux,University of Illinois Sorghum-Soy,US-UiE,-88.2033,40.0629,NA,NA,5.361564828470592,10.739485740661621,NA,0,NA
Ameriflux,University of Illinois Miscanthus 2,US-UiF,-88.2015,40.0665,NA,NA,7.131108810742291,10.739485740661621,NA,0,NA
Ameriflux,University of Illinois Maize-Soy 2,US-UiG,-88.2009,40.0629,NA,NA,5.166285244589953,10.739485740661621,NA,0,NA
Ameriflux,ULM Flux Tower,US-ULM,-91.9743,32.457,NA,NA,169.41072532526073,48.969112396240234,NA,59.307471023251445,NA
Ameriflux,Douglas Lake,US-UM3,-84.6707,45.568600000000004,NA,NA,183.56059414753474,84.12987518310547,NA,60.42409688005238,NA
Ameriflux,Univ. of Mich. Biological Station,US-UMB,-84.7138,45.5598,NA,NA,191.64701643080872,84.12987518310547,NA,62.012954711914084,NA
Ameriflux,UMBS Disturbance,US-UMd,-84.6975,45.5625,NA,NA,180.8357712310035,84.12987518310547,NA,62.01295471191405,NA
Ameriflux,UFLUX Bonneville Salt Flats,US-UTB,-113.8299,40.7848,0,0,0,8.428143501281738,NA,0,0
Ameriflux,UFLUX Dugout Ranch,US-UTD,-109.5952,38.1038,1.980266806848638,0.20579478083353508,5.235932520495845,9.397926330566406,5.610357982917007,8.66175365447998,12.882374200029723
Ameriflux,UFLUX Matheson,US-UTM,-109.5775,38.5879,2.160889984791571,0.01276541979469996,14.6183515410696,8.444945335388184,36.60206676662036,7.443256378173826,6.550468444824219
Ameriflux,UFLUX Nephi,US-UTN,-111.8814,39.6896,0.002356320007441168,0,1.4171650531917261,10.734203338623047,NA,6.694870471954341,36.48202896118164
Ameriflux,UFLUX Desert View,US-UTV,-109.9546,40.1266,NA,0.2306788333274438,1.2370140727944852,8.868215560913086,NA,0,2.3505659103393555
Ameriflux,UFLUX Wellington,US-UTW,-110.7288,39.4453,0,0,1.5492562514556152,9.233955383300781,NA,0.428724467754364,5.571077346801758
Ameriflux,Vaira Ranch- Ione,US-Var,-120.9508,38.4133,2.459255830726739,13.2487849199091,27.04125977864389,23.775894165039062,22.98571353051895,10.820810317993171,27.805683135986328
Ameriflux,Valles Caldera Mixed Conifer,US-Vcm,-106.5321,35.8884,23.676579723256456,45.63987348041433,28.483051788496425,36.00841522216797,NA,56.00088500976564,92.83678436279297
Ameriflux,Valles Caldera Ponderosa Pine,US-Vcp,-106.5967,35.8642,66.68810604486822,57.9566756288106,68.8665098619285,36.00841522216797,NA,100.52260589599608,92.52532920029121
Ameriflux,Valles Caldera Sulphur Springs Mixed Conifer,US-Vcs,-106.6142,35.9193,104.97121051397897,86.11161609788783,100.83824079087617,36.00841522216797,NA,100.52260589599598,154.8845672607422
Ameriflux,Virginia Coast Reserve Fowling Point,US-VFP,-75.8333,37.4111,NA,NA,0.7500076385927692,NA,NA,0.3439390737331114,NA
Ameriflux,Walker Branch Watershed,US-WBW,-84.2874,35.9588,NA,NA,166.45954197976252,91.84534454345703,NA,120.57734680175778,NA
Ameriflux,Willow Creek,US-WCr,-90.0799,45.8059,NA,NA,175.39139473044082,132.4522705078125,NA,64.18560791015628,NA
Ameriflux,Walden,US-Wdn,-106.2618,40.7838,NA,0,1.6665002143922674,11.585564403310618,NA,9.677491188049311,14.838720321655273
Ameriflux,West Edge Parking Lot,US-WEP,-70.9543,43.1421,NA,NA,119.93852286565765,105.88687896728516,NA,86.76229095458983,NA
Ameriflux,Willamette Grass,US-Wgr,-122.656,45.1129,31.398587754790046,NA,36.801230440449665,69.7401351928711,NA,71.78642654802026,46.92523956298828
Ameriflux,Walnut Gulch Lucky Hills Shrub,US-Whs,-110.0522,31.7438,0,0,2.2040018167338835,15.747584599970883,0.632496659693738,7.984411754137557,10.375687599182129
Ameriflux,Young red pine (YRP),US-Wi0,-91.0814,46.6188,NA,NA,88.85696148980998,117.52467346191406,NA,72.88722991943357,NA
Ameriflux,Intermediate hardwood (IHW),US-Wi1,-91.2329,46.7305,NA,NA,143.37090740736767,117.52467346191406,NA,70.95999908447268,NA
Ameriflux,Intermediate red pine (IRP),US-Wi2,-91.1528,46.6869,NA,NA,89.30663117138583,117.52467346191406,NA,70.95999908447261,NA
Ameriflux,Mature hardwood (MHW),US-Wi3,-91.0987,46.6347,NA,NA,130.1309729556287,117.52467346191406,NA,72.73499965047846,NA
Ameriflux,Mature red pine (MRP),US-Wi4,-91.1663,46.7393,NA,NA,113.2643400364005,117.52467346191406,NA,70.95999908447266,NA
Ameriflux,Mixed young jack pine (MYJP),US-Wi5,-91.0858,46.6531,NA,NA,129.87428508617415,117.52467346191406,NA,70.95999908447264,NA
Ameriflux,Pine barrens #1 (PB1),US-Wi6,-91.2982,46.6249,NA,NA,37.246229012763806,114.072998046875,NA,60.0387700197504,NA
Ameriflux,Red pine clearcut (RPCC),US-Wi7,-91.0693,46.6491,NA,NA,58.36655026588261,117.52467346191405,NA,70.95999908447271,NA
Ameriflux,Young hardwood clearcut (YHW),US-Wi8,-91.2524,46.7223,NA,NA,170.9364120562524,115.40106849640941,NA,65.2538291724278,NA
Ameriflux,Young Jack pine (YJP),US-Wi9,-91.0746,46.7385,NA,NA,78.3688146623111,117.52467346191406,NA,70.95999908447271,NA
Ameriflux,Willard Juniper Savannah,US-Wjs,-105.8615,34.4255,0,0.0019456923003352469,2.3577736073924984,8.798129081726074,NA,11.577199935913084,1.2779356241226196
Ameriflux,Walnut Gulch Kendall Grasslands,US-Wkg,-109.9419,31.7365,0,0,3.714253866341624,13.939786911010742,1.0760201907399765,1.90816593170166,16.66621208190918
Ameriflux,Walnut River Watershed (Smileyburg),US-Wlr,-96.855,37.5208,NA,NA,3.396584452149359,10.688872337341309,NA,4.680122375488285,NA
Ameriflux,Willamette Poplar,US-Wpp,-123.1824,44.1369,20.329680771735852,NA,29.187955294238026,56.86534881591797,NA,0.5750963687896726,42.2553596496582
Ameriflux,Winous Point North Marsh,US-WPT,-82.9962,41.4646,NA,NA,4.003633161697658,26.101268241685293,NA,20.259881973266605,NA
Ameriflux,Wind River Crane Site,US-Wrc,-121.9519,45.8205,244.41514539776188,NA,357.7268679616111,194.78326416015625,NA,320.59512329101557,819.68206787109375
Ameriflux,"Kress, TX no-till cotton and grain sorghum production",US-WT1,-101.8154,34.3674,0.001656896067071915,0,1.6725040284183748,8.752178192138672,NA,0,9.462017059326172
Ameriflux,Willamette Wheat,US-Wwt,-122.6664,45.1089,16.53031621028479,NA,38.24751765108327,69.7401351928711,NA,45.12048435761998,47.211685621970865
Ameriflux,NEON Abby Road (ABBY),US-xAB,-122.3303,45.7624,284.27944667281554,NA,178.51991670961436,47.371910095214844,NA,214.56179809570318,572.98883056640625
Ameriflux,NEON Klemme Range Research Station (OAES),US-xAE,-99.0588,35.4106,NA,NA,2.2666056030004835,9.835050582885742,NA,2.5456032752990723,NA
Ameriflux,NEON Blandy Experimental Farm (BLAN),US-xBL,-78.0716,39.0603,NA,NA,67.63818588698891,107.01557922363281,NA,48.37750244140626,NA
Ameriflux,NEON Bartlett Experimental Forest (BART),US-xBR,-71.2873,44.0639,NA,NA,183.7888584107669,97.69615173339844,NA,151.97697448730477,NA
Ameriflux,NEON LBJ National Grassland (CLBJ),US-xCL,-97.57,33.4012,NA,NA,17.862425657238475,11.764260292053223,NA,3.689551591873167,NA
Ameriflux,NEON Central Plains Experimental Range (CPER),US-xCP,-104.7456,40.8155,NA,0,1.2685183026101785,9.621663533083264,NA,0,0
Ameriflux,NEON Dakota Coteau Field School (DCFS),US-xDC,-99.1066,47.1617,NA,NA,2.2469975316514703,9.725722312927246,NA,0,NA
Ameriflux,NEON Dead Lake (DELA),US-xDL,-87.8039,32.5417,NA,NA,149.97748967335852,60.034114837646484,NA,95.63168387480182,NA
Ameriflux,NEON Disney Wilderness Preserve (DSNY),US-xDS,-81.4362,28.125,NA,NA,35.58435301562497,16.484647750854492,NA,34.689674377441385,NA
Ameriflux,"NEON Great Smoky Mountains National Park, Twin Creeks (GRSM)",US-xGR,-83.5019,35.689,NA,NA,221.8802160491157,90.54581210088823,NA,193.2015686035156,NA
Ameriflux,NEON Harvard Forest (HARV),US-xHA,-72.1727,42.5369,NA,NA,164.07909697671113,37.92121124267578,NA,114.92280578613281,NA
Ameriflux,NEON Jones Ecological Research Center (JERC),US-xJE,-84.4686,31.1948,NA,NA,76.9485383170915,31.63711929321289,NA,42.62213317015634,NA
Ameriflux,NEON Jornada LTER (JORN),US-xJR,-106.8425,32.5907,0,0,1.4720287043572724,8.355450630187988,NA,0.6454256772994994,1.755971074104309
Ameriflux,NEON Konza Prairie Biological Station - Relocatable (KONA),US-xKA,-96.6129,39.1104,NA,NA,24.893037894123413,10.838811874389648,NA,12.33336830139161,NA
Ameriflux,NEON Konza Prairie Biological Station (KONZ),US-xKZ,-96.5631,39.1008,NA,NA,7.762805323532616,10.838811874389648,NA,10.13510704040527,NA
Ameriflux,NEON Lenoir Landing (LENO),US-xLE,-88.1612,31.8539,NA,NA,132.71621295270896,82.32047271728516,NA,94.13296508789064,NA
Ameriflux,NEON Moab (MOAB),US-xMB,-109.3883,38.2483,0,0.013927065442409549,3.8816884556682836,9.785598164828022,0.5804238376110887,8.94261347216437,9.837015151977539
Ameriflux,NEON Mountain Lake Biological Station (MLBS),US-xML,-80.5248,37.3783,NA,NA,176.67941973124664,154.71128845214844,NA,108.7692565917969,NA
Ameriflux,NEON Northern Great Plains Research Laboratory (NOGP),US-xNG,-100.9154,46.7697,NA,NA,3.516709164911773,11.011151313781737,NA,7.157633781433103,4.727197170257568
Ameriflux,NEON Onaqui-Ault (ONAQ),US-xNQ,-112.4524,40.1776,0,0,1.5978801946120427,9.84560489654541,NA,7.7843942642211905,8.735177040100098
Ameriflux,NEON Niwot Ridge Mountain Research Station (NIWO),US-xNW,-105.5824,40.0543,NA,7.241565985190865,18.870136421500952,76.3296890258789,NA,76.99402618408199,108.78213500976562
Ameriflux,"NEON Rocky Mountain National Park, CASTNET (RMNP)",US-xRM,-105.5459,40.2759,NA,49.57158501880458,48.83179183331265,90.80390167236328,NA,72.52030225444345,118.82136535644531
Ameriflux,NEON Oak Ridge National Lab (ORNL),US-xRN,-84.2826,35.9641,NA,NA,162.62191370356123,91.84534454345703,NA,115.72899418630983,NA
Ameriflux,NEON Ordway-Swisher Biological Station (OSBS),US-xSB,-81.9934,29.6893,NA,NA,63.37950860025341,69.88598122965993,NA,42.73400115966797,NA
Ameriflux,NEON Smithsonian Conservation Biology Institute (SCBI),US-xSC,-78.1395,38.8929,NA,NA,334.2797546386719,115.21283721923828,NA,106.78276824951165,NA
Ameriflux,NEON Smithsonian Environmental Research Center (SERC),US-xSE,-76.56,38.8901,NA,NA,229.08243406235275,79.2204360961914,NA,48.51678466796876,NA
Ameriflux,NEON San Joaquin Experimental Range (SJER),US-xSJ,-119.7323,37.1088,1.621093975910643,12.907310043825541,28.448575254408723,27.249465942382812,28.98783343428502,6.7197027308300195,66.30735231046533
Ameriflux,"NEON North Sterling, CO (STER)",US-xSL,-103.0293,40.4619,NA,0.01892950484198617,1.3255440644445562,9.97773551940918,NA,0,0.20274819433689117
Ameriflux,NEON Soaproot Saddle (SOAP),US-xSP,-119.26220000000001,37.0334,174.7629991486726,184.8821314552852,58.76458011515665,39.378570556640625,171.03361930834936,178.01660156249997,301.6092834472656
Ameriflux,NEON Santa Rita Experimental Range (SRER),US-xSR,-110.8355,31.9107,0,0,1.5752989192121227,11.92995548248291,0.17856793262003529,1.5605182647705076,12.60093879699707
Ameriflux,NEON Steigerwaldt Land Services (STEI),US-xST,-89.5864,45.5089,NA,NA,105.85784755843497,128.05265243125086,NA,44.224956512451165,NA
Ameriflux,NEON Talladega National Forest (TALL),US-xTA,-87.3933,32.9505,NA,NA,228.89019716168926,85.784576416015625,NA,125.90326690673821,NA
Ameriflux,NEON Lower Teakettle (TEAK),US-xTE,-119.006,37.0058,141.22512273063342,226.94320729360845,113.9432640687767,40.415094092375234,248.34894783945222,176.30723571777338,176.82067625806994
Ameriflux,NEON Treehaven (TREE),US-xTR,-89.5857,45.4937,NA,NA,111.14086077682579,51.77639851138626,NA,44.22495651245117,NA
Ameriflux,NEON The University of Kansas Field Station (UKFS),US-xUK,-95.1921,39.0404,NA,NA,88.23101688433853,27.528268814086914,NA,29.08854714415975,NA
Ameriflux,NEON University of Notre Dame Environmental Research Center (UNDE),US-xUN,-89.5373,46.2339,NA,NA,155.03529197481123,139.33177185058594,NA,91.69925689697266,NA
Ameriflux,NEON Woodworth (WOOD),US-xWD,-99.2414,47.1282,NA,NA,4.150212799790028,9.71989962380559,NA,0,NA
Ameriflux,NEON Wind River Experimental Forest (WREF),US-xWR,-121.9519,45.8205,244.41514539776188,NA,357.7268679616111,194.78326416015625,NA,320.59512329101557,819.68206787109375
Ameriflux,NEON Yellowstone Northern Range (Frog Rock) (YELL),US-xYE,-110.5391,44.9535,7.986143272364048,NA,36.68763026269316,59.85466003417969,NA,36.56377029418947,79.86768341064453
Ameriflux,Yellow Cab urban,US-Ylw,-95.3536,29.7894,NA,NA,7.107323688807958,20.67003631591797,NA,8.727328300476072,NA
